token_id,token_code,token_no,patient_id,patient_name,age,appointment_date,time_slot,doctor,department,status,created_at
581fd154,080f2ab2,1,,Sara,25,2025-11-30,10:00,Dr. Vivaan Iyer,Dermatology,Pending,2025-11-29 18:12:17
7a097b41,eac1bb84,1,P688468,Abhinav,18,2025-11-29,18:30,Dr. Meera Menon,Pediatrics,Pending,2025-11-29 18:23:46
5e7f023e,b0fdd50c,2,,Abhi,18,2025-11-29,18:45,Dr. Meera Menon,Pediatrics,Pending,2025-11-29 18:24:44
2e4eed26,2643c846,1,,ARB,25,2025-11-30,17:00,Dr. Meera Menon,Pediatrics,Pending,2025-11-29 18:27:47
01eef460,0e1e7225,1,,Abhinav,15,2025-11-30,11:00,Dr. Arjun Bhat,Pediatrics,Pending,2025-11-30 09:16:12
f3ee7841,301c5732,2,,Abhiram,15,2025-11-30,11:15,Dr. Arjun Bhat,Pediatrics,Pending,2025-11-30 09:16:36
d5544bd5,2e856a19,1,P162733,BG Rao,85,2025-11-30,14:00,Dr. Karan Joshi,Orthopedics,Pending,2025-11-30 09:20:13
6c5b494b,f1467a09,2,,Harsh,25,2025-11-30,14:15,Dr. Karan Joshi,Orthopedics,Pending,2025-11-30 09:20:47
f96f2db3,0c598d89,3,,harish,25,2025-11-30,14:30,Dr. Karan Joshi,Orthopedics,Pending,2025-11-30 09:21:05
9b8680a3,1588f324,1,,Aarav,25,2025-12-01,09:00,Dr. Aarav Sharma,Cardiology,Pending,2025-11-30 09:22:51
